EventType,Date,Value
Dividend,20200207,0.1925
Dividend,20200508,0.205
Dividend,20200807,0.205
Split,20200831,4.0
Dividend,20201106,0.205
Dividend,20210205,0.205
Dividend,20210507,0.22
Dividend,20210806,0.22
Dividend,20211105,0.22
Dividend,20220204,0.22
Dividend,20220506,0.23
Dividend,20220805,0.23
Dividend,20221104,0.23
Dividend,20230210,0.23
Dividend,20230512,0.24
Dividend,20230811,0.24
Dividend,20231110,0.24
Dividend,20240209,0.24
Dividend,20240510,0.25
Dividend,20240812,0.25
