EventType,Date,Value
Dividend,20200207,1.548757
Dividend,20200507,1.558317
Dividend,20200807,1.558317
Dividend,20201109,1.558317
Dividend,20210209,1.558317
Dividend,20210507,1.567878
Dividend,20210809,1.567878
Split,20211104,1.046
Dividend,20211109,1.64
Dividend,20220210,1.64
Dividend,20220509,1.65
Dividend,20220809,1.65
Dividend,20221109,1.65
Dividend,20230209,1.65
Dividend,20230509,1.66
Dividend,20230809,1.66
Dividend,20231109,1.66
Dividend,20240208,1.66
Dividend,20240509,1.67
Dividend,20240809,1.67
